ORIGIN_AIRPORT,DEST_AIRPORT,Adjusted_Air_Time
CLE,DFW,116
SJU,DFW,241
AUS,MIA,236
AUS,MIA,235
DTW,ORD,32
ORD,DTW,142
AUS,DFW,62
DFW,OKC,57
OKC,DFW,74
LGA,DFW,150
LAX,ORD,381
DFW,SNA,62
SAT,MIA,244
SAT,MIA,243
DFW,LGA,267
AUS,DFW,81
JFK,MIA,188
JFK,MIA,187
DFW,SAN,50
SAN,DFW,305
DFW,GSP,193
GSP,DFW,83
MIA,SJU,158
MIA,SJU,159
SJU,MIA,155
SJU,MIA,154
IAH,MIA,227
IAH,MIA,226
MIA,IAH,114
MIA,IAH,115
ORF,DFW,136
DFW,STL,102
DFW,CLT,227
DFW,TUL,53
TUL,DFW,80
PHL,SAN,137
DEN,DFW,177
DFW,DEN,71
MIA,PHL,172
MIA,PHL,173
ORD,DFW,128
AUS,ORD,186
ORD,AUS,140
ATL,DFW,97
SAT,PHX,17
DCA,PHX,124
RDU,PHL,73
TPA,CLT,101
CLT,LGA,113
DTW,CLT,117
CLT,ATL,75
SEA,DFW,343
RSW,CLT,114
CLT,ORD,56
SAN,CLT,471
ORD,PHL,188
IAH,LAX,102
DEN,CLT,301
CLE,PHL,98
CLT,IAH,94
LAS,CLT,458
SLC,CLT,350
SEA,DFW,363
CLT,ORD,48
EWR,CLT,109
PHL,RSW,176
TPA,PHX,98
PHL,MCO,133
CLT,LAX,128
CLT,DEN,86
DEN,PHX,69
TPA,CLT,94
ORD,CLT,173
CLT,PHX,73
ORD,PHX,92
PHL,ORD,45
AUS,PHL,273
PHL,AUS,160
PHL,ATL,141
PHL,RDU,72
RDU,PHL,76
CLT,PHL,90
ONT,PHX,86
BDL,CLT,124
CLT,MCO,102
MCO,CLT,94
PHX,CLT,425
CLT,MIA,128
CLT,MIA,127
CLE,CLT,94
CLT,CLE,91
LAX,PHX,103
PHX,LAX,115
PVD,CLT,122
CLT,PVD,116
CLT,FLL,124
PHL,RDU,97
RDU,PHL,84
CLT,SAT,97
PIT,CLT,87
DFW,PIT,225
PIT,DFW,112
BWI,CLT,84
CLT,BWI,79
ATL,CLT,85
ATL,LGA,133
CLT,BDL,101
BOS,CLT,155
MHT,PHL,92
CHS,CLT,53
CLT,RSW,103
RSW,CLT,127
PVD,PHL,64
CLT,MIA,104
CLT,MIA,103
PHX,DEN,161
DFW,PHX,16
CLT,LGA,106
LGA,CLT,123
CLT,TPA,94
CLT,MEM,51
MEM,CLT,155
BNA,PHL,192
PHL,BNA,67
CLT,JAX,81
JAX,CLT,86
ORD,PHX,77
PHX,DFW,259
SFO,PHL,501
DCA,TPA,126
IAH,PHL,250
CLT,DCA,73
MCO,PHL,143
PHL,MCO,151
MSP,PHL,210
PHL,MSP,97
SFO,PHL,497
DEN,PHL,349
PHL,DEN,129
CLT,LGA,103
LGA,CLT,160
PHL,ATL,129
CLT,LGA,107
LGA,CLT,129
MIA,DTW,167
MIA,DTW,168
MSY,ORD,152
BOS,ORD,91
AUS,DFW,55
LGA,DFW,177
ORD,CLT,166
LAS,DFW,265
BOS,DFW,179
LAS,LAX,82
BOI,DFW,226
SAN,DFW,313
DFW,MSY,78
BWI,MIA,160
BWI,MIA,159
MIA,BWI,148
MIA,BWI,149
DFW,MCO,221
MCO,DFW,111
LAX,BOS,542
DCA,ORD,56
IAH,DFW,61
CLT,MSP,87
MSP,CLT,218
SAT,CLT,225
FLL,DFW,133
DFW,DTW,229
DTW,DFW,100
DFW,PHL,251
PHL,DFW,157
AUS,DFW,65
SLC,ORD,273
DFW,MIA,239
DFW,MIA,238
MIA,PHL,188
MIA,PHL,189
JFK,MIA,180
JFK,MIA,179
STL,PHX,75
MIA,DFW,120
MIA,DFW,121
PDX,DFW,328
MCO,MIA,70
MCO,MIA,69
BWI,ORD,61
BNA,DFW,137
DFW,ORD,128
SNA,ORD,375
DFW,SAT,58
SAT,DFW,62
DFW,JAC,106
ELP,ORD,270
ORD,ELP,120
IAH,DFW,71
BOS,DFW,207
SMF,DFW,317
SEA,ORD,415
RDU,DFW,122
CVG,DFW,82
DFW,CVG,183
DEN,DFW,191
DFW,SNA,58
SFO,ORD,424
BZN,DFW,235
DFW,BZN,133
DFW,OKC,61
OKC,DFW,65
IAD,DFW,147
ATL,DFW,78
MKE,DFW,148
RNO,ORD,380
BOS,MIA,198
BOS,MIA,197
MIA,TPA,68
MIA,TPA,69
SNA,DFW,298
RDU,DFW,123
EWR,ORD,94
DFW,IAH,72
IAH,DFW,70
LGA,DFW,168
ORD,SFO,144
DEN,DFW,168
DFW,DEN,65
ONT,DFW,319
DFW,PBI,236
JFK,CLT,121
LGA,MCO,155
CHS,DFW,97
DFW,CHS,217
JFK,SEA,209
DFW,LAS,57
LAS,DFW,289
DFW,DEN,56
CLT,DFW,97
MCO,MIA,64
MCO,MIA,63
MIA,MCO,60
MIA,MCO,61
PDX,PHX,166
PHX,SNA,76
PHL,BOS,84
IAH,CLT,202
LAX,BNA,360
PHL,MIA,170
PHL,MIA,169
AUS,CLT,227
RDU,ORD,54
DFW,IAH,75
IAH,DFW,56
LGA,MIA,201
LGA,MIA,200
MIA,LGA,166
MIA,LGA,167
BWI,CLT,110
PHX,SAN,78
SAN,PHX,100
ELP,DFW,170
MCO,DFW,121
CLT,ORD,72
DFW,PHX,20
ORD,CLT,171
PHX,DFW,274
PHL,MSP,124
PHL,LAX,200
STL,CLT,167
CLT,LAS,95
MCO,CLT,116
FLL,PHL,154
PHL,FLL,156
BOS,PHL,87
MCO,PHL,139
PHL,CLE,128
BOS,CLT,144
CLT,BOS,116
PHL,MHT,79
CLT,MCI,86
ATL,PHL,112
DFW,MIA,231
DFW,MIA,230
LAS,DFW,284
RDU,LAX,136
RIC,CLT,110
BOS,CLT,136
CLT,BOS,146
PHL,MCI,106
ORF,CLT,99
ORD,PHL,214
PHL,ORD,70
LAX,PHX,93
CLT,PIT,82
PIT,CLT,127
PHL,DTW,115
BNA,CLT,153
CLT,MSY,52
MSY,CLT,182
PHX,BWI,464
CLT,STL,48
STL,CLT,211
PHL,BNA,85
PWM,PHL,93
PHL,PWM,87
CLT,MCO,91
MEM,DFW,102
CLT,JAX,80
JAX,CLT,84
ATL,CLT,121
PHL,PIT,108
PIT,PHL,73
CLT,PBI,102
PBI,CLT,122
LAX,CLT,481
BDL,PHL,96
SEA,CLT,470
MSY,PHL,216
PHL,MSY,115
CLT,SFO,144
CLT,DEN,75
DEN,CLT,309
SFO,CLT,485
AUS,CLT,225
CLT,AUS,101
PHX,ORD,405
PHL,PHX,98
ORD,PHL,201
JAX,CLT,100
BDL,CLT,127
CLT,SYR,95
TPA,MIA,57
TPA,MIA,56
CLT,DFW,99
ATL,PHL,122
CLT,PVD,145
PVD,CLT,143
FLL,CLT,134
MIA,PHX,108
MIA,PHX,109
PHL,PIT,90
PIT,PHL,68
DCA,MIA,145
DCA,MIA,144
JAX,PHL,123
PHL,JAX,141
PHL,MCO,141
ATL,CLT,71
MCO,PHX,80
CLT,DTW,101
DTW,CLT,105
CLT,TPA,137
TPA,CLT,106
BDL,CLT,132
CLT,BDL,111
MCI,PHX,28
DTW,PHL,93
DEN,CLT,314
DFW,SEA,138
DFW,MKE,133
MKE,DFW,140
ORD,CLT,185
PHX,ORD,335
PDX,DFW,324
DFW,ELP,33
ELP,DFW,160
SEA,JFK,535
ATL,DFW,68
DEN,ORD,212
JFK,DCA,127
LAS,ORD,336
FLL,ORD,112
ATL,DFW,90
DFW,ATL,181
DEN,ORD,214
ORD,DEN,76
SNA,DFW,306
DFW,STL,102
STL,DFW,95
DFW,IAD,239
BNA,DFW,119
JAX,DFW,91
SAT,DFW,79
DFW,RSW,237
RSW,DFW,95
PHX,SMF,115
SMF,ORD,424
MIA,ORD,182
MIA,ORD,183
ONT,DFW,304
CLT,BWI,82
DFW,MSY,89
MSY,DFW,87
BDL,ORD,101
MIA,TPA,61
MIA,TPA,62
TPA,MIA,58
TPA,MIA,57
MIA,DFW,131
MIA,DFW,132
DFW,LAX,58
DFW,ORD,132
DCA,ORD,52
ORD,DCA,171
MIA,DCA,151
MIA,DCA,152
MSP,ORD,93
ORD,MSP,83
DCA,DFW,130
ORD,DCA,164
STL,ORD,65
SFO,DFW,321
DFW,SLC,95
SLC,PHX,33
BNA,DFW,141
DFW,BNA,109
DFW,IND,175
IND,DFW,74
DTW,MIA,179
DTW,MIA,178
ORD,PBI,235
MCO,DFW,127
ORD,LAX,144
IND,DFW,68
ORD,DCA,164
PHX,SFO,109
MSP,PHX,74
DFW,MIA,242
DFW,MIA,241
BDL,LAX,169
ORD,SEA,149
LAX,MSY,343
DCA,MIA,172
DCA,MIA,171
MIA,DCA,147
MIA,DCA,148
EWR,ORD,94
ORD,SNA,116
SNA,PHX,84
MSP,CLT,208
DFW,DCA,228
SAN,DFW,321
DFW,LGA,252
LGA,DFW,182
BOS,PHX,184
CLT,RDU,48
RDU,CLT,57
EWR,MIA,194
EWR,MIA,193
MIA,EWR,167
MIA,EWR,168
PHL,MIA,186
PHL,MIA,185
DFW,SAN,52
SAN,DFW,308
SLC,PHX,30
DEN,DFW,169
ORD,SLC,134
MCO,PHL,146
PHL,MCO,154
DFW,SEA,154
DCA,LAS,113
DFW,LAX,57
DFW,ONT,49
RDU,MIA,125
RDU,MIA,124
TUL,DFW,88
SJU,MIA,149
SJU,MIA,148
DFW,TUL,61
TUL,DFW,80
DFW,SJU,360
BOS,DFW,195
DCA,ORD,49
DFW,RIC,231
RIC,DFW,120
MCI,DFW,94
BOS,MIA,199
BOS,MIA,198
MIA,BOS,188
MIA,BOS,189
ORD,TPA,222
MSY,DFW,101
DFW,SNA,54
LGA,DFW,158
DTW,DFW,113
MCO,ORD,100
PHL,MIA,189
PHL,MIA,188
CLT,TPA,105
TPA,CLT,115
MIA,TPA,64
MIA,TPA,65
TPA,MIA,67
TPA,MIA,66
ORD,MSY,140
CAE,DFW,91
ORD,MCO,221
LAS,DFW,303
BOS,PHL,103
PHL,BOS,88
DFW,ORD,130
DFW,SNA,72
DFW,MSY,89
MSY,DFW,81
BOS,JFK,77
JFK,BOS,86
PHX,SNA,72
PHL,STL,76
STL,PHL,203
CLT,PBI,102
JFK,DFW,151
EWR,DFW,159
ATL,MIA,103
ATL,MIA,102
PHX,DFW,263
ORD,DEN,95
BOS,LAX,173
ORD,LAX,136
DFW,LGA,312
BNA,DFW,109
DFW,BNA,118
ORD,SAN,132
MIA,BOS,185
MIA,BOS,186
DCA,MIA,151
DCA,MIA,150
DFW,AUS,55
DCA,MIA,144
DCA,MIA,143
DFW,FLL,225
FLL,DFW,119
BWI,MIA,157
BWI,MIA,156
LAX,MIA,485
LAX,MIA,484
DFW,BWI,230
TPA,DFW,103
DFW,MIA,227
DFW,MIA,226
MIA,DFW,104
MIA,DFW,105
EWR,MIA,178
EWR,MIA,177
SFO,DFW,333
BOS,MIA,197
BOS,MIA,196
MIA,BOS,179
MIA,BOS,180
DFW,IND,180
DFW,LAS,50
ORD,EWR,178
DFW,IAD,241
IAD,DFW,137
ORD,SEA,137
SLC,DFW,213
CLT,EWR,112
DFW,CLT,202
DCA,PHX,87
PBI,DFW,134
DFW,RNO,98
IAH,ORD,162
BWI,CLT,83
CHO,CLT,130
PHL,RIC,84
PHL,GRR,135
BDL,PHL,74
PHL,BDL,85
CLE,PHL,83
PHL,CLE,93
MHT,PHL,93
CLT,ROA,49
ROA,CLT,86
MDT,PHL,43
PHL,SWF,72
SWF,PHL,60
PHL,BDL,67
MHT,PHL,84
PHL,MHT,80
PHL,ROA,89
ROA,PHL,76
PHL,RIC,61
RIC,PHL,62
PHL,SYR,53
MKE,PHL,177
PHL,BWI,47
PHL,RIC,75
RIC,PHL,57
ORF,PHL,60
PHL,ORF,64
CHO,PHL,85
PHL,PWM,105
PWM,PHL,105
LYH,CLT,63
BGR,PHL,129
PHL,BGR,100
PHL,ERI,128
ROA,PHL,94
CLT,ROA,92
MYR,PHL,95
PHL,MYR,110
MDT,PHL,48
PHL,MDT,52
PHL,MKE,74
MKE,PHL,172
PHL,MKE,86
BWI,PHL,49
PHL,BWI,71
ORF,PHL,75
PHL,ORF,70
RIC,PHL,81
CLT,ROA,62
ROA,CLT,96
MKE,PHL,194
PHL,MKE,69
PHL,SYR,66
SYR,PHL,160
CLT,CHO,89
CLE,PHL,95
PHL,CLE,90
PHL,RIC,101
RIC,PHL,65
DTW,PHL,118
PHL,DTW,103
MHT,PHL,83
PHL,MHT,85
CLE,PHL,106
PHL,CLE,84
SWF,PHL,72
CLT,LYH,64
LYH,CLT,90
MDT,PHL,50
PHL,MDT,58
MDT,PHL,53
MDT,PHL,48
CHO,PHL,78
MKE,PHL,194
IPT,PHL,54
PHL,RIC,69
CAE,CLT,64
CLT,CAE,53
BDL,PHL,77
PHL,BDL,54
PHL,BNA,79
PHL,PWM,81
PWM,PHL,105
PHL,CHO,75
CLE,PHL,85
PHL,SYR,97
SYR,PHL,87
IPT,PHL,58
PHL,IPT,83
ROA,CLT,62
PHL,MYR,104
ORF,PHL,69
PHL,ORF,60
LAX,SMF,91
SMF,LAX,107
LAX,SMF,83
SMF,LAX,91
RNO,LAX,99
LAX,OKC,290
OKC,LAX,50
LAX,ELP,179
LAX,RNO,101
RNO,LAX,101
ABQ,LAX,46
LAX,SFO,81
SFO,LAX,88
LAX,SFO,84
SFO,LAX,97
LAX,SAN,44
SAN,LAX,47
LAX,SLC,169
SLC,LAX,58
LAX,SFO,72
LAX,SFO,107
SFO,LAX,109
LAX,SEA,186
PDX,LAX,155
OKC,LAX,53
LAX,SEA,191
SEA,LAX,181
LAX,SAT,299
DEN,LAX,92
SAN,LAX,61
SFO,LAX,101
SAT,LAX,53
ELP,LAX,61
ABQ,LAX,46
LAX,ABQ,168
LAX,SFO,77
SFO,LAX,92
DEN,LAX,78
LAX,DEN,199
LAX,PDX,136
PDX,LAX,144
LAX,SAN,78
SAN,LAX,50
SMF,LAX,94
DCA,PVD,84
DCA,CLE,69
RDU,DCA,81
MSP,CLE,170
RIC,LGA,144
JFK,BGR,115
LGA,CVG,164
BWI,CVG,103
CVG,BWI,84
MSP,PIT,202
RIC,LGA,92
BGR,LGA,90
CVG,MSP,61
RIC,DTW,101
JFK,CLE,104
DCA,JFK,70
PIT,DTW,63
RIC,LGA,87
DTW,JFK,108
SYR,DTW,84
IND,RDU,95
RDU,IND,104
DFW,MSP,139
MSP,DFW,151
BOS,JFK,92
LGA,STL,93
EWR,MSP,116
MSP,EWR,257
GRR,LGA,112
LGA,ORF,97
JFK,BWI,94
LGA,STL,99
ATL,AVL,83
AVL,ATL,77
JFK,DCA,78
BWI,JFK,67
MCI,LGA,228
MSY,LGA,244
PIT,LGA,107
JFK,DCA,86
LGA,PWM,68
BWI,JFK,68
BOS,JFK,76
DFW,MSP,139
MSP,DFW,155
STL,LGA,213
CLT,LGA,128
ORF,LGA,93
LGA,CHO,101
DTW,CVG,71
MHT,LGA,69
GSP,LGA,117
IAD,JFK,67
IAH,DTW,228
JFK,ORD,116
CVG,DTW,62
DFW,MSP,131
MSP,DFW,155
ATL,AVL,58
AVL,ATL,70
LGA,PWM,88
CVG,PHL,95
PHL,CVG,114
JFK,DTW,111
MCI,LGA,240
CVG,DFW,83
JFK,RDU,130
DTW,PIT,65
BDL,CVG,114
CVG,BDL,103
JFK,RIC,111
JFK,PIT,103
LGA,CLE,108
PIT,MSP,91
CLE,DTW,50
ATL,CAE,64
CAE,ATL,92
MSP,CVG,169
JFK,IAD,104
CLE,JFK,93
ORF,LGA,84
CAE,LGA,118
LGA,CLE,98
EWR,RDU,115
DTW,CLE,58
JFK,CLE,109
CVG,DTW,63
STL,LGA,195
EWR,DTW,115
CVG,EWR,120
DTW,IND,69
IND,DTW,71
SYR,DTW,74
RDU,JFK,92
CHO,LGA,85
CVG,EWR,111
JFK,RIC,105
JFK,BOS,82
DCA,JFK,64
BGR,LGA,98
LGA,BGR,93
LGA,ORF,84
ORD,JFK,190
ATL,AVL,55
AVL,ATL,77
JFK,BWI,82
CVG,ORD,17
ORD,CVG,134
MSP,IAH,170
ORF,LGA,90
BOS,JAX,185
JAX,BOS,141
PHL,JFK,56
CLT,LGA,105
ATL,CHO,88
CHO,ATL,108
JFK,PWM,88
JFK,CHS,128
CVG,LGA,110
BDL,CLE,101
RIC,DTW,92
DCA,CVG,87
BWI,RDU,70
JFK,IAD,62
JFK,ORF,93
LGA,RIC,105
LGA,CLT,136
IAD,JFK,67
CVG,BOS,131
ATL,GSP,55
GSP,ATL,66
CVG,LGA,128
DTW,ORF,103
ORF,DTW,92
LGA,MKE,70
IAH,DTW,228
EWR,CVG,153
JFK,DFW,167
RIC,JFK,99
DTW,MEM,65
MEM,DTW,179
SYR,LGA,92
ATL,BHM,6
BHM,ATL,122
RDU,EWR,102
IAH,DTW,215
LGA,CLE,132
DTW,IAH,109
ORF,JFK,73
MKE,LGA,180
LGA,MCI,144
LGA,STL,137
BOS,CVG,140
CVG,DCA,90
LAX,JFK,530
LAX,SLC,163
SLC,LAX,58
DEN,MSP,181
SLC,ATL,340
LAS,DTW,420
MSP,DTW,160
DTW,MSP,62
SAN,ATL,454
SEA,ATL,479
ATL,SEA,142
MSP,JFK,233
AUS,JFK,277
MIA,JFK,187
MIA,JFK,188
SLC,OAK,52
MSP,DTW,152
RNO,SLC,139
CVG,BOS,164
SAN,ATL,444
SFO,ATL,456
SLC,ATL,339
PDX,LAX,139
LAX,PDX,136
MSY,ATL,155
TPA,ATL,101
MEM,ATL,157
ATL,MEM,27
GSP,ATL,69
RSW,ATL,118
DCA,DTW,82
SAN,DTW,461
ATL,BOS,143
LAS,SLC,137
LAS,ATL,421
ATL,LAX,87
BHM,ATL,116
ATL,BHM,16
TPA,BOS,174
LGA,MSP,96
LAX,ATL,463
SEA,LAX,164
LAX,SEA,144
GSP,ATL,75
ATL,GSP,53
BNA,DTW,164
ATL,DCA,89
DCA,ATL,109
BOS,DTW,117
LAS,MSP,299
STL,ATL,154
LAS,ATL,430
MCO,ATL,92
MIA,ATL,118
MIA,ATL,119
LAX,ATL,440
MCO,MIA,56
MCO,MIA,55
SLC,SEA,106
ATL,MSP,74
DEN,CVG,270
LAS,MSP,313
MSP,LAS,61
SLC,DTW,335
RDU,BOS,116
JFK,ATL,153
ORD,DTW,137
SJU,JFK,259
MSP,IND,150
IND,DTW,69
LGA,MSP,117
MIA,LGA,177
MIA,LGA,178
SJU,ATL,228
ATL,SJU,213
JFK,SFO,210
DTW,ATL,125
SJU,JFK,213
ORD,LGA,189
SFO,LAX,82
DTW,RDU,131
LGA,ATL,181
LGA,ATL,142
RDU,DTW,83
CVG,ATL,86
BOI,SLC,62
SLC,BOI,80
DFW,SLC,92
SLC,DFW,218
LGA,ATL,156
SLC,DEN,86
RDU,DTW,90
MSP,ATL,201
DTW,CLT,118
DTW,AUS,117
DTW,ATL,130
DCA,ATL,124
LGA,ORD,83
SEA,LAX,151
DFW,SLC,107
LGA,ORD,104
ATL,ORD,59
PDX,MSP,308
FLL,LGA,201
MCO,JFK,187
PDX,JFK,501
SFO,JFK,556
AUS,JFK,299
SLC,JFK,412
TPA,JFK,177
SLC,JFK,414
MSP,JFK,243
ATL,JFK,145
JFK,ATL,194
JFK,LAX,169
JFK,PDX,174
JFK,SFO,180
JFK,SEA,157
JFK,SFO,224
JFK,PBI,174
JFK,AUS,184
JFK,BGR,75
JFK,LAX,175
LAX,JFK,519
JFK,SFO,182
JFK,SAN,157
JFK,SLC,173
JFK,MSP,108
SEA,DEN,213
JFK,LAX,158
JFK,ATL,150
ATL,SFO,109
RDU,ATL,80
JFK,ATL,150
JFK,MSP,105
ATL,LAS,48
JFK,MCO,163
SLC,ORD,251
SEA,PHX,171
SJU,ATL,217
DFW,LAX,61
ORD,SLC,128
DTW,ATL,129
BDL,DTW,116
BNA,DTW,144
ATL,SFO,114
LAX,BNA,360
SFO,SLC,164
SLC,SFO,77
DEN,LGA,462
ORD,LGA,191
CLE,DTW,36
BOS,ATL,162
SFO,LAX,92
LGA,ATL,191
ATL,SJU,215
MCO,RDU,111
RDU,MCO,97
MSP,CLE,163
LGA,RSW,191
EWR,ATL,134
ATL,MCO,75
DTW,BWI,80
SEA,MSP,319
MSP,SEA,110
SLC,AUS,214
MSP,SFO,135
DTW,CLT,112
MSP,PHL,220
SLC,BOI,73
SLC,SFO,61
MSP,DFW,139
SLC,PHX,39
SLC,SEA,73
DTW,MSP,35
SLC,MCI,198
DTW,ORD,10
SLC,LAS,14
LAX,MSY,343
MSP,PHX,53
MSP,RDU,203
ATL,SAN,68
MSP,ATL,216
MSP,ATL,214
MSP,LGA,299
SLC,LAX,45
CVG,ATL,100
MSP,LAS,59
DCA,ATL,123
MCO,DTW,145
LAX,DFW,299
SEA,SFO,137
LGA,DTW,171
CVG,TPA,131
TPA,CVG,127
IND,MSP,33
CHS,ATL,69
EWR,ATL,136
MHT,ATL,172
CLE,SLC,105
LGA,DTW,117
LGA,MSY,159
LGA,BOS,178
MCI,MSP,73
MSP,MCI,83
ATL,CLT,62
EWR,ATL,144
CHS,ATL,60
JAX,ATL,76
PHL,DTW,90
PDX,LAX,164
LGA,BOS,64
SEA,SLC,175
BNA,LAX,119
BOS,LGA,71
TPA,JFK,150
DTW,SFO,153
JFK,LAX,158
LAX,AUS,303
BOS,DTW,112
PVD,DTW,115
ATL,CHS,59
CHS,ATL,76
MSP,SLC,106
TPA,LGA,172
SAT,ATL,194
LAS,JFK,474
JAC,MSP,183
DTW,MKE,10
MKE,DTW,127
ORD,ATL,195
MSP,BDL,221
CVG,DTW,59
ATL,CAE,68
CAE,ATL,69
ATL,RSW,87
RSW,ATL,97
LAX,SFO,76
SFO,MSP,323
EWR,ATL,140
MSP,BOS,232
BOS,MSP,135
MSP,LAS,66
ATL,ORD,46
LAX,PDX,124
ABQ,ATL,300
ATL,ABQ,58
CLT,ATL,67
PHX,DTW,413
LAS,SEA,160
DEN,LAX,88
ATL,PDX,113
SLC,LAX,46
SLC,DCA,361
DTW,SAN,89
MSY,LAX,113
LAX,SFO,73
DCA,ATL,104
ATL,JFK,129
ATL,PBI,108
PBI,ATL,110
PDX,SLC,164
MSY,ATL,166
GRR,MSP,17
ELP,ATL,309
RSW,LGA,167
LGA,MSP,204
LAX,ATL,446
DTW,SAN,81
ATL,JAX,66
JAX,ATL,65
JAC,ATL,333
DTW,LGA,113
BOS,DTW,125
MSP,BOI,122
MSP,STL,92
STL,MSP,101
LGA,FLL,181
ATL,BWI,94
ATL,AUS,71
AUS,ATL,191
ATL,PDX,128
ATL,MKE,41
MKE,ATL,180
DTW,SLC,95
ATL,GRR,132
ATL,LGA,134
MIA,ATL,106
MIA,ATL,107
LAX,SFO,83
ATL,MCO,82
MCO,ATL,101
FLL,LGA,163
MSP,PHX,74
BOS,ATL,183
ATL,DTW,102
LGA,ATL,168
SNA,MSP,332
DTW,BDL,91
ATL,MEM,12
MEM,ATL,134
DTW,SEA,93
SJU,ATL,209
DTW,MCI,58
DTW,RDU,97
SFO,SLC,162
JAX,ATL,64
DEN,LGA,337
CVG,ATL,92
DTW,BOS,117
MSP,TPA,246
TPA,MSP,149
MSP,BOS,254
DCA,DTW,88
ATL,PBI,100
PBI,ATL,110
MIA,ATL,110
MIA,ATL,111
MCI,ATL,189
DTW,CVG,57
ATL,SAN,71
BOS,LGA,73
SLC,LAX,64
DTW,SNA,99
ATL,AVL,80
EWR,ATL,146
LGA,DTW,106
DEN,ATL,296
TPA,ATL,96
BOS,ATL,167
ATL,ORD,45
ORD,ATL,175
DTW,ORD,50
BDL,MSP,95
ATL,IAH,65
IAH,ATL,184
ORD,ATL,173
SLC,RNO,37
IND,LAX,75
BOS,ATL,159
LAS,DTW,411
ATL,JFK,122
SFO,DTW,469
ATL,MYR,70
ATL,DTW,113
MCO,BOS,169
BOS,MSP,126
MCO,BOS,164
ATL,SNA,90
SNA,ATL,436
MSP,GRR,146
ATL,MKE,50
MKE,ATL,186
ATL,MCO,78
LAX,MCO,482